algorithm,cell_size,speed,num_nodes,signaling_overhead_mean,signaling_overhead_std,ping_pong_ratio_mean,ping_pong_ratio_std,call_drop_approx_mean,call_drop_approx_std,session_reset_count_mean,session_reset_count_std,session_continuity_rate_mean,session_continuity_rate_std,prediction_accuracy_mean,prediction_accuracy_std,num_repeats
baseline,0.5,0.1,10,2660,246.30604269214888,0.0,0.0,0.0,0.0,1.2,1.5491933384829668,0.9994000000000001,0.0007745966692414713,,,10
baseline,0.5,0.1,30,7910,388.58718455450895,0.0,0.0,0.0,0.0,4.3,3.1287200080686173,0.9992833333333333,0.0005214533346780975,,,10
baseline,0.5,0.1,50,13342.5,465.33291547259176,0.0,0.0,0.0,0.0,10.5,5.873670062235365,0.99895,0.0005873670062235485,,,10
baseline,0.5,0.3,10,2660,246.30604269214888,0.061384962145345334,0.03112598057259346,0.0,0.0,15.1,6.402256546631733,0.99245,0.003201128273315872,,,10
baseline,0.5,0.3,30,7910,388.58718455450895,0.05110856760834833,0.007687652500871359,0.00025,0.00037060177955906484,40.9,9.562077877393246,0.9931833333333333,0.001593679646232206,,,10
baseline,0.5,0.3,50,13342.5,465.33291547259176,0.053585196465924995,0.005586635717167462,0.00028,0.000565292451352002,72.3,9.730250653389037,0.99277,0.0009730250653389127,,,10
baseline,0.5,0.6,10,2660,246.30604269214888,0.11606135666862366,0.012320329262911713,0.0002,0.0006324555320336759,50.5,12.048513047951879,0.97475,0.006024256523975958,,,10
baseline,0.5,0.6,30,7910,388.58718455450895,0.1222084460126987,0.0149368439272937,0.00019999999999999998,0.0001892154040658489,133.5,19.149992747315135,0.97775,0.0031916654578858688,,,10
baseline,0.5,0.6,50,13342.5,465.33291547259176,0.12067457898602617,0.004166675634163054,0.00018,0.00015491933384829666,225.4,21.355197129608626,0.97746,0.002135519712960854,,,10
baseline,1.0,0.1,10,2660,246.30604269214888,0.0,0.0,0.0525,0.0555132616788297,1.3,1.946506842754191,0.99935,0.0009732534213770802,,,10
baseline,1.0,0.1,30,7910,388.58718455450895,0.0,0.0,0.04401666666666667,0.03617075843042414,1.4,1.837873166945363,0.9997666666666667,0.00030631219449091246,,,10
baseline,1.0,0.1,50,13342.5,465.33291547259176,0.0,0.0,0.04686,0.024719052480941812,2.8,1.5491933384829668,0.99972,0.0001549193338482796,,,10
baseline,1.0,0.3,10,2660,246.30604269214888,0.06720571779453795,0.04093369907866489,0.0513,0.03654540554798464,6.1,2.923088169119167,0.99695,0.001461544084559567,,,10
baseline,1.0,0.3,30,7910,388.58718455450895,0.07553856834711865,0.012801265006320147,0.058916666666666666,0.02707411524038011,20.1,8.089087299153924,0.99665,0.001348181216525641,,,10
baseline,1.0,0.3,50,13342.5,465.33291547259176,0.08065774324775342,0.016177679611500396,0.059629999999999996,0.018067961208233268,40.4,11.78699848703364,0.99596,0.001178699848703374,,,10
baseline,1.0,0.6,10,2660,246.30604269214888,0.17907845861360247,0.028952655089441625,0.0514,0.02106049487653233,26.9,14.224001624796808,0.98655,0.007112000812398415,,,10
baseline,1.0,0.6,30,7910,388.58718455450895,0.1759596852505835,0.01843845570127018,0.06445,0.014113090412367317,68.9,13.860014430006919,0.9885166666666667,0.0023100024050011652,,,10
baseline,1.0,0.6,50,13342.5,465.33291547259176,0.18637341667986218,0.016573340856601372,0.05986,0.008605708699591349,117.2,15.031818105457356,0.9882799999999999,0.0015031818105457311,,,10
baseline,1.5,0.1,10,2660,246.30604269214888,0.0,0.0,0.2823,0.12568461410300874,0.9,1.5951314818673865,0.99955,0.0007975657409336773,,,10
baseline,1.5,0.1,30,7910,388.58718455450895,0.0,0.0,0.27708333333333335,0.07172234056277353,0.4,0.9660917830792959,0.9999333333333333,0.00016101529717986492,,,10
baseline,1.5,0.1,50,13342.5,465.33291547259176,0.0,0.0,0.30276000000000003,0.04201177612685916,2.2,1.6865480854231356,0.99978,0.00016865480854229498,,,10
baseline,1.5,0.3,10,2660,246.30604269214888,0.08246753246753247,0.0613868654778507,0.28335,0.07932844872917771,3.6,3.8355066303046734,0.9982,0.0019177533151523152,,,10
baseline,1.5,0.3,30,7910,388.58718455450895,0.07606126914055503,0.032383082200899777,0.2842166666666667,0.07435861760647301,10.5,7.947746011710909,0.99825,0.0013246243352851492,,,10
baseline,1.5,0.3,50,13342.5,465.33291547259176,0.08323304947641758,0.025459247650932743,0.28944,0.042248871122328356,25,14.11854572303158,0.9975,0.0014118545723031581,,,10
baseline,1.5,0.6,10,2660,246.30604269214888,0.21264038873166144,0.04662244327605039,0.2842,0.07754683172838922,15.1,6.854844191437825,0.99245,0.0034274220957189253,,,10
baseline,1.5,0.6,30,7910,388.58718455450895,0.19885787185930157,0.02357973719121945,0.295,0.05603658416991616,41,13.00427280208744,0.9931666666666666,0.002167378800347905,,,10
baseline,1.5,0.6,50,13342.5,465.33291547259176,0.2040427857320738,0.01252015302870801,0.28058,0.030579760917603286,83,20.848661028149184,0.9917,0.0020848661028149327,,,10
improved,0.5,0.1,10,2560,246.30604269214888,0.0,0.0,0.0,0.0,1.2,1.5491933384829668,0.9994000000000001,0.0007745966692414713,,,10
improved,0.5,0.1,30,7610,388.58718455450895,0.0,0.0,0.0,0.0,3.8,2.8205594401741574,0.9993666666666666,0.00047009324002902344,,,10
improved,0.5,0.1,50,12842.5,465.33291547259176,0.0,0.0,0.0,0.0,7.7,4.056544780420347,0.99923,0.000405654478042055,,,10
improved,0.5,0.3,10,2560,246.30604269214888,0.003508771929824561,0.011095711088310102,0.0,0.0,8.6,3.0983866769659336,0.9957,0.0015491933384829673,,,10
improved,0.5,0.3,30,7610,388.58718455450895,0.003263666445221421,0.00469220658855324,0.0004,0.0005993823981893856,24.7,5.538752366533259,0.9958833333333333,0.0009231253944222135,,,10
improved,0.5,0.3,50,12842.5,465.33291547259176,0.0009290422798876785,0.0020507569707829596,0.00059,0.0009480389115314717,45.5,6.948221195225277,0.9954500000000001,0.0006948221195225205,,,10
improved,0.5,0.6,10,2560,246.30604269214888,0.0065676588358109566,0.008844015958836446,0.00035,0.0005296749527356901,24.5,5.9675045966560525,0.98775,0.0029837522983280334,,,10
improved,0.5,0.6,30,7610,388.58718455450895,0.011040332324606772,0.00388258210790315,0.0007833333333333334,0.0009846036991827953,58.4,3.777124126457412,0.9902666666666666,0.0006295206877429195,,,10
improved,0.5,0.6,50,12842.5,465.33291547259176,0.008680833100495161,0.0021856848732841627,0.0012900000000000001,0.0012041133206176606,108.1,14.027354229029317,0.98919,0.0014027354229029208,,,10
improved,1.0,0.1,10,2560,246.30604269214888,0.0,0.0,0.0525,0.0555132616788297,1.1,1.8529256146249728,0.9994500000000001,0.000926462807312475,,,10
improved,1.0,0.1,30,7610,388.58718455450895,0.0,0.0,0.04401666666666667,0.03617075843042414,1.3,1.7029386365926402,0.9997833333333334,0.00028382310609878123,,,10
improved,1.0,0.1,50,12842.5,465.33291547259176,0.0,0.0,0.04686,0.024719052480941812,2.2,1.3165611772087666,0.99978,0.00013165611772086215,,,10
improved,1.0,0.3,10,2560,246.30604269214888,0.004,0.012649110640673518,0.055,0.03882152896410845,3.6,2.0655911179772892,0.9982,0.0010327955589886466,,,10
improved,1.0,0.3,30,7610,388.58718455450895,0.0,0.0,0.0651,0.023939507096011815,11.4,5.059644256269407,0.9981,0.00084327404271159,,,10
improved,1.0,0.3,50,12842.5,465.33291547259176,0.003665775013609425,0.0031941692863067086,0.0636,0.018639146380072715,24.7,6.464432603785802,0.99753,0.00064644326037858,,,10
improved,1.0,0.6,10,2560,246.30604269214888,0.021031036363671252,0.017997745006229054,0.06355,0.02936026226040905,12.1,4.629614814791111,0.99395,0.0023148074073955542,,,10
improved,1.0,0.6,30,7610,388.58718455450895,0.01703153283697338,0.006566668512737961,0.0744,0.01273815111494445,35.7,7.227263198011633,0.99405,0.0012045438663352687,,,10
improved,1.0,0.6,50,12842.5,465.33291547259176,0.017689337384821556,0.006570057768424134,0.06756,0.011813100072941621,62.2,8.066391179868893,0.99378,0.0008066391179868976,,,10
improved,1.5,0.1,10,2560,246.30604269214888,0.0,0.0,0.2827,0.12551741800332822,0.8,1.3165611772087666,0.9996,0.000658280588604382,,,10
improved,1.5,0.1,30,7610,388.58718455450895,0.0,0.0,0.2775,0.0716125980364549,0.3,0.6749485577105528,0.99995,0.00011249142628507976,,,10
improved,1.5,0.1,50,12842.5,465.33291547259176,0.0,0.0,0.30347,0.042222980841138055,1.8,1.398411797560202,0.99982,0.00013984117975600482,,,10
improved,1.5,0.3,10,2560,246.30604269214888,0.013636363636363636,0.04312196809320517,0.2859,0.07880806501311342,2.3,2.496664441476534,0.99885,0.0012483322207382495,,,10
improved,1.5,0.3,30,7610,388.58718455450895,0.004918864097363083,0.011369410117543078,0.28935,0.07654561498113074,7.5,4.813176359397884,0.99875,0.0008021960598996576,,,10
improved,1.5,0.3,50,12842.5,465.33291547259176,0.00343781698800711,0.004503892374874277,0.29247,0.04273346463838382,17.2,8.954204474869767,0.9982800000000001,0.0008954204474869644,,,10
improved,1.5,0.6,10,2560,246.30604269214888,0.016892543236518676,0.013464591291906754,0.2922,0.07830148288648321,7.1,3.478505426185217,0.9964500000000001,0.0017392527130926112,,,10
improved,1.5,0.6,30,7610,388.58718455450895,0.019750678593129286,0.010046010013163721,0.3051833333333333,0.055703328468495815,22,8.602325267042627,0.9963333333333333,0.0014337208778404363,,,10
improved,1.5,0.6,50,12842.5,465.33291547259176,0.02857325262322623,0.006864911417321172,0.29025,0.03173425243767021,42.4,8.83427667918797,0.99576,0.000883427667918781,,,10
ai,0.5,0.1,10,2534.9,257.2570914690421,0.0,0.0,0.0,0.0,1.2,1.5491933384829668,0.9994000000000001,0.0007745966692414713,0.1,0.31622776601683794,10
ai,0.5,0.1,30,7434.3,355.68245825611234,0.00615530303030303,0.012978437637515012,0.0,0.0,3.9,2.998147576235848,0.99935,0.0004996912627059674,0.3566666666666667,0.365165276296016,10
ai,0.5,0.1,50,12613.1,447.33816440511015,0.0,0.0,0.0,0.0,7.7,4.056544780420347,0.99923,0.000405654478042055,0.37976190476190474,0.33193442285083696,10
ai,0.5,0.3,10,2195.9,249.9677534758789,0.02433470740431631,0.018186422636100267,0.0,0.0,9,3.8297084310253524,0.9955,0.001914854215512678,0.3735476941359294,0.1600147018572255,10
ai,0.5,0.3,30,6746.2,439.5181199652385,0.01929181347098113,0.012148818564712066,0.0003333333333333333,0.0004906533814626582,26.1,5.384133067531754,0.99565,0.0008973555112553188,0.35337310795781746,0.1354921467749694,10
ai,0.5,0.3,50,11417.1,550.9882938865399,0.02158442644847268,0.011064353299548697,0.00059,0.0009480389115314717,46.9,6.983313444681304,0.99531,0.0006983313444681217,0.4186013316156637,0.06203018989133757,10
ai,0.5,0.6,10,2065.2,284.6099865507963,0.04071517609969873,0.018371552519159298,0.0002,0.00034960294939005053,28,7.3484692283495345,0.986,0.003674234614174779,0.3411230096699535,0.05431086440116057,10
ai,0.5,0.6,30,6140,450.4639583560241,0.05505191094831595,0.012588220868339654,0.0008500000000000001,0.0009475439336372956,62.2,6.051629716218782,0.9896333333333334,0.0010086049527031323,0.41982399097167145,0.051620979933195275,10
ai,0.5,0.6,50,10218.9,551.8215190520291,0.04799694618582993,0.008214452418698575,0.00131,0.0012031902038608304,116,14.832396974191326,0.9884,0.0014832396974191406,0.38909157585462595,0.04012422613983793,10
ai,1.0,0.1,10,2537.8,226.05200974800272,0.0,0.0,0.0525,0.0555132616788297,1.1,1.8529256146249728,0.9994500000000001,0.000926462807312475,0.0,0.0,10
ai,1.0,0.1,30,7519,420.8789744227087,0.0,0.0,0.04401666666666667,0.03617075843042414,1.3,1.7029386365926402,0.9997833333333334,0.00028382310609878123,0.26666666666666666,0.43885372573625553,10
ai,1.0,0.1,50,12656.1,397.69291614957837,0.0,0.0,0.04686,0.024719052480941812,2.3,1.3374935098492586,0.99977,0.00013374935098491112,0.475,0.4479893351905204,10
ai,1.0,0.3,10,2236,259.1361718393547,0.06106541912916686,0.05848419154624029,0.055,0.03882152896410845,4,2.6666666666666665,0.998,0.0013333333333333298,0.555558608058608,0.1900394364300243,10
ai,1.0,0.3,30,6832.4,507.05055632221394,0.03879166895222829,0.02397726922492791,0.06468333333333333,0.02396801495203015,12,5.656854249492381,0.998,0.0009428090415820708,0.48179730452975233,0.15574250574221735,10
ai,1.0,0.3,50,11380.5,561.6399103419279,0.037484900097870165,0.010064742972993401,0.06344,0.018761260322507356,28,8.192137151629671,0.9972,0.0008192137151629884,0.4827383891164911,0.07596074366293065,10
ai,1.0,0.6,10,1918.8,270.716662049293,0.0878158299786674,0.014872156299579655,0.06195,0.029187563942352036,12.9,5.384133067531754,0.99355,0.0026920665337658786,0.48297585773676927,0.07225896811056282,10
ai,1.0,0.6,30,6192.1,585.0394953429308,0.08075369825942988,0.02125485363440503,0.07418333333333334,0.012555174527158411,39.6,7.198765326236314,0.9934000000000001,0.001199794221039371,0.4627687054852108,0.07796592779866353,10
ai,1.0,0.6,50,10104,391.00099459947387,0.09076260859361236,0.016069716064602085,0.06668,0.01184528035407633,67.3,7.273238618387272,0.99327,0.000727323861838733,0.49878571575712316,0.047810709198645315,10
ai,1.5,0.1,10,2534.1,246.62136971479174,0.0,0.0,0.2827,0.12551741800332822,0.8,1.3165611772087666,0.9996,0.000658280588604382,0.1,0.31622776601683794,10
ai,1.5,0.1,30,7517.5,415.0826557579961,0.0,0.0,0.2775,0.0716125980364549,0.3,0.6749485577105528,0.99995,0.00011249142628507976,0.4,0.5163977794943223,10
ai,1.5,0.1,50,12739.5,427.94528466460133,0.0,0.0,0.30347,0.042222980841138055,1.8,1.398411797560202,0.99982,0.00013984117975600482,0.5,0.5270462766947299,10
ai,1.5,0.3,10,2293.9,301.7855935004924,0.08191537822342776,0.0896087032998575,0.28585,0.07873374611802603,2.7,3.4657049948186747,0.99865,0.001732852497409322,0.6003862803862804,0.3262406674562566,10
ai,1.5,0.3,30,6866.6,487.468107218878,0.03988873990276515,0.03457309158917312,0.28908333333333336,0.07658204871368475,8.1,5.363456596884761,0.99865,0.0008939094328141267,0.5542932691302257,0.1478685270187786,10
ai,1.5,0.3,50,11403.3,584.9425517851209,0.0589479218126147,0.030841403367561155,0.29217,0.04274763281295365,19.9,12.187881048174225,0.99801,0.0012187881048174138,0.6527761127761128,0.07026440468917383,10
ai,1.5,0.6,10,2019.5,226.43873343577948,0.1008707213555131,0.05634268987140001,0.2907,0.07856391594675567,8.1,5.173651192984184,0.99595,0.002586825596492091,0.5648800009113457,0.10044375538646684,10
ai,1.5,0.6,30,6199.9,483.92847267614525,0.09406008469156617,0.02744089786130794,0.30401666666666666,0.055533131585601254,23.7,10.499206319209721,0.99605,0.001749867719868304,0.5272295287455424,0.0930270311280848,10
ai,1.5,0.6,50,10370.1,507.793582297199,0.12037030753497044,0.01646028295003947,0.28866,0.032121270211496925,48.7,13.425100868646512,0.99513,0.001342510086864651,0.5576368617409748,0.04202108393863626,10
